Workbook

Sheet Summary
A1: MySQL experiment: table WITH primary key vs WITHOUT primary key
A2: Machine: MacBook (MySQL 8.0 in Docker) | MySQL 8.0.46, InnoDB, buffer pool 128 MB | 3 full runs, each SELECT executed 5x - medians shown | run on 2026-09-27 18:02:17 UTC
A3: Checked: all 6 of the doctor's instructions are done - see 'Doctor's checklist'. Data and timings were confirmed inside MySQL itself - see 'MySQL check'.
A4: Key findings
A5: 1. SELECT with a primary key: about 0.72 ms for every row id, from row 10 to row 1,000,000. MySQL jumps directly to the row through the PRIMARY KEY B+tree index (EXPLAIN type = const, 1 row read).
A6: 2. SELECT without a primary key: about 1,080 ms - roughly 1,498x slower - and nearly the same for row 10 and row 1,000,000. With no index MySQL must read all 1,000,000 rows (EXPLAIN type = ALL); it cannot stop at the first match because nothing says id is unique.
A7: 3. With LIMIT 1 the scan stops at the first match, so the no-PK time grows with the row's position: 0.71 ms for row 10 -> 854 ms for row 1,000,000 (see 'SELECT results', section B).
A8: 4. INSERT: the table without a PK was 11% faster (all 4 batches together: 7.76 s vs 8.74 s with PK). With a PK, MySQL must check every new id for uniqueness and keep the PK index ordered - that is the small price paid for the fast SELECTs.
A9: 5. After the extra inserts (1,220,000 rows) the no-PK SELECT took about 1,068 ms vs 1,080 ms before (-1%) - no clear change on this machine: 22% more rows should add roughly 22% more scan time, but the run-to-run variation here was larger than that. It still read every row (O(n)), while the PK SELECT stayed at about 0.69 ms (O(log n)).
A11: Table 1 - SELECT * FROM table WHERE id = N (table has 1,000,000 rows)
A12: Row id searched | B12: With PK (ms) | C12: Without PK (ms) | D12: PK is ... times faster | E12: Rows read with PK | F12: Rows read without PK
A13: id = 10 | B13: ='SELECT results'!E7 -> 0.721222 | C13: ='SELECT results'!I7 -> 1180.7814 | D13: =C13/B13 -> 1637.1955 | E13: ='Rows read (EXPLAIN)'!I5 -> 1 | F13: ='Rows read (EXPLAIN)'!I10 -> 1000001
A14: id = 1,000 | B14: ='SELECT results'!E8 -> 0.716367 | C14: ='SELECT results'!I8 -> 841.35125 | D14: =C14/B14 -> 1174.4696 | E14: ='Rows read (EXPLAIN)'!I6 -> 1 | F14: ='Rows read (EXPLAIN)'!I11 -> 1000001
A15: id = 10,000 | B15: ='SELECT results'!E9 -> 1.05995 | C15: ='SELECT results'!I9 -> 1177.8792 | D15: =C15/B15 -> 1111.2592 | E15: ='Rows read (EXPLAIN)'!I7 -> 1 | F15: ='Rows read (EXPLAIN)'!I12 -> 1000001
A16: id = 100,000 | B16: ='SELECT results'!E10 -> 0.704118 | C16: ='SELECT results'!I10 -> 908.85151 | D16: =C16/B16 -> 1290.7659 | E16: ='Rows read (EXPLAIN)'!I8 -> 1 | F16: ='Rows read (EXPLAIN)'!I13 -> 1000001
A17: id = 1,000,000 | B17: ='SELECT results'!E11 -> 0.79262 | C17: ='SELECT results'!I11 -> 1080.1568 | D17: =C17/B17 -> 1362.7675 | E17: ='Rows read (EXPLAIN)'!I9 -> 1 | F17: ='Rows read (EXPLAIN)'!I14 -> 1000001
A19: Table 2 - INSERT new random rows into the same tables (seconds, cumulative)
A20: Step | B20: Rows inserted | C20: Table size after | D20: With PK (s) | E20: Without PK (s) | F20: Without PK vs with PK
A21: Insert 20,000 rows | B21: 20000 | C21: 1020000 | D21: ='INSERT results'!G7 -> 0.79859478 | E21: ='INSERT results'!K7 -> 0.70838651 | F21: =(E21-D21)/D21 -> -0.11295876
A22: Insert 40,000 rows | B22: 40000 | C22: 1060000 | D22: ='INSERT results'!G8 -> 1.4364377 | E22: ='INSERT results'!K8 -> 1.3980935 | F22: =(E22-D22)/D22 -> -0.026693908
A23: Insert 60,000 rows | B23: 60000 | C23: 1120000 | D23: ='INSERT results'!G9 -> 2.9352635 | E23: ='INSERT results'!K9 -> 2.1186816 | F23: =(E23-D23)/D23 -> -0.27819713
A24: Insert 100,000 rows | B24: 100000 | C24: 1220000 | D24: ='INSERT results'!G10 -> 3.5667129 | E24: ='INSERT results'!K10 -> 3.5337385 | F24: =(E24-D24)/D24 -> -0.0092450406
A25: Initial load (step 1) | B25: 1000000 | C25: 1000000 | D25: ='INSERT results'!G6 -> 55.823336 | E25: ='INSERT results'!K6 -> 54.635121 | F25: =(E25-D25)/D25 -> -0.021285278
A27: All values are medians and are linked by formulas to the detail sheets; every single measurement is in 'Raw SELECT' and 'Raw INSERT'. Method, table definitions and settings are in 'Method & setup'.

Sheet Doctor's checklist
A1: Doctor's instructions - checklist
A2: Each instruction from the doctor's chat, what was done, and where the proof is in this file.
A4: # | B4: Doctor's instruction (his words) | C4: What was done | D4: Proof in this file | E4: Status
A5: 1 | B5: "Just install mysql in your laptop." | C5: MySQL 8.0.46 (InnoDB, default settings) was installed and every number in this file was measured on it. It ran on your laptop, with MySQL in a Docker container. | D5: 'Method & setup' | E5: Done
A6: 2 | B6: "Make a table with and without primary key" | C6: data_pk: 7 columns, PRIMARY KEY (id). data_nopk: the same 7 columns, no primary key and no index. SHOW INDEX confirms: data_pk has PRIMARY on id; data_nopk has no indexes. | D6: 'MySQL check' section A | E6: Done
A7: 3 | B7: "Insert random variable up to 1 milliom" | C7: 1,000,000 rows with random name, email, age, city, salary and date inserted into each table (ids 1 to 1,000,000). MySQL COUNT(*) = 1,000,000 in data_pk and 1,000,000 in data_nopk; both tables hold identical data (equal checksums). | D7: 'MySQL check' section B, 'Sample data' | E7: Done
A8: 4 | B8: "Select from the table a data from row 10, 1000, 10000, 100000 and 1000000 and see the time" | C8: SELECT * FROM table WHERE id = N for N = 10, 1,000, 10,000, 100,000, 1,000,000 on both tables; each query run 5 times in each of 3 runs (median reported). Times confirmed by MySQL's own timer. | D8: 'Summary' Table 1, 'SELECT results', 'MySQL check' section C | E8: Done
A9: 5 | B9: "Then try insert 20000 random data to that previous table, see the time" | C9: 20,000 new random rows inserted into the SAME two tables (1,000,000 -> 1,020,000 rows) and timed. | D9: 'Summary' Table 2, 'INSERT results', 'MySQL check' section D | E9: Done
A10: 6 | B10: "Again insert 40000, 60000, 100000 rows and see the times" | C10: Inserted 40,000, 60,000, 100,000 more rows into the same tables, one after another (1,020,000 -> 1,220,000 rows), timing each. COUNT(*) checked after every step: final 1,220,000 rows in both tables. | D10: 'Summary' Table 2, 'INSERT results', 'MySQL check' section D | E10: Done
A12: How 'row 10' was read: as the row whose id = 10. Rows were inserted in id order 1, 2, 3 ..., so id = N is the N-th row inserted. SELECT * FROM table WHERE id = N is the normal way to fetch one row, and it is the query where a primary key makes the difference.
A13: Same data in both tables: every random row was inserted into both tables, so the ONLY difference between them is the primary key.
A14: Extras (not asked, clearly labelled): the LIMIT 1 test, SELECTs repeated after all inserts, EXPLAIN / rows read, table size on disk, and this verification run.

Sheet SELECT results
A1: SELECT results - time to fetch one row by id (milliseconds)
A2: Each run value = median of 5 executions (formula over 'Raw SELECT'). 'Median' = median of the runs. Lower is better.
A4: A. Main test: SELECT * FROM table WHERE id = N (table has 1,000,000 rows)
B5: WITH primary key | F5: WITHOUT primary key
A6: Target id | B6: Run 1 | C6: Run 2 | D6: Run 3 | E6: Median | F6: Run 1 | G6: Run 2 | H6: Run 3 | I6: Median | J6: PK is ... times faster
A7: 10 | B7: =MEDIAN('Raw SELECT'!H5:H9) -> 1.024363 | C7: =MEDIAN('Raw SELECT'!H55:H59) -> 0.656735 | D7: =MEDIAN('Raw SELECT'!H105:H109) -> 0.721222 | E7: =MEDIAN(B7:D7) -> 0.721222 | F7: =MEDIAN('Raw SELECT'!H10:H14) -> 916.04832 | G7: =MEDIAN('Raw SELECT'!H60:H64) -> 2480.9361 | H7: =MEDIAN('Raw SELECT'!H110:H114) -> 1180.7814 | I7: =MEDIAN(F7:H7) -> 1180.7814 | J7: =I7/E7 -> 1637.1955
A8: 1000 | B8: =MEDIAN('Raw SELECT'!H15:H19) -> 0.657288 | C8: =MEDIAN('Raw SELECT'!H65:H69) -> 0.783257 | D8: =MEDIAN('Raw SELECT'!H115:H119) -> 0.716367 | E8: =MEDIAN(B8:D8) -> 0.716367 | F8: =MEDIAN('Raw SELECT'!H20:H24) -> 841.35125 | G8: =MEDIAN('Raw SELECT'!H70:H74) -> 1798.6893 | H8: =MEDIAN('Raw SELECT'!H120:H124) -> 815.65494 | I8: =MEDIAN(F8:H8) -> 841.35125 | J8: =I8/E8 -> 1174.4696
A9: 10000 | B9: =MEDIAN('Raw SELECT'!H25:H29) -> 0.66133 | C9: =MEDIAN('Raw SELECT'!H75:H79) -> 2.474761 | D9: =MEDIAN('Raw SELECT'!H125:H129) -> 1.05995 | E9: =MEDIAN(B9:D9) -> 1.05995 | F9: =MEDIAN('Raw SELECT'!H30:H34) -> 773.9387 | G9: =MEDIAN('Raw SELECT'!H80:H84) -> 1909.9721 | H9: =MEDIAN('Raw SELECT'!H130:H134) -> 1177.8792 | I9: =MEDIAN(F9:H9) -> 1177.8792 | J9: =I9/E9 -> 1111.2592
A10: 100000 | B10: =MEDIAN('Raw SELECT'!H35:H39) -> 0.638295 | C10: =MEDIAN('Raw SELECT'!H85:H89) -> 0.744663 | D10: =MEDIAN('Raw SELECT'!H135:H139) -> 0.704118 | E10: =MEDIAN(B10:D10) -> 0.704118 | F10: =MEDIAN('Raw SELECT'!H40:H44) -> 809.85028 | G10: =MEDIAN('Raw SELECT'!H90:H94) -> 1046.1966 | H10: =MEDIAN('Raw SELECT'!H140:H144) -> 908.85151 | I10: =MEDIAN(F10:H10) -> 908.85151 | J10: =I10/E10 -> 1290.7659
A11: 1000000 | B11: =MEDIAN('Raw SELECT'!H45:H49) -> 0.79262 | C11: =MEDIAN('Raw SELECT'!H95:H99) -> 1.129867 | D11: =MEDIAN('Raw SELECT'!H145:H149) -> 0.700353 | E11: =MEDIAN(B11:D11) -> 0.79262 | F11: =MEDIAN('Raw SELECT'!H50:H54) -> 800.72115 | G11: =MEDIAN('Raw SELECT'!H100:H104) -> 1080.1568 | H11: =MEDIAN('Raw SELECT'!H150:H154) -> 1695.4199 | I11: =MEDIAN(F11:H11) -> 1080.1568 | J11: =I11/E11 -> 1362.7675
A14: B. Extra: same query with LIMIT 1 - MySQL may stop scanning at the first match
B15: WITH primary key | F15: WITHOUT primary key
A16: Target id | B16: Run 1 | C16: Run 2 | D16: Run 3 | E16: Median | F16: Run 1 | G16: Run 2 | H16: Run 3 | I16: Median | J16: PK is ... times faster
A17: 10 | B17: =MEDIAN('Raw SELECT'!H155:H159) -> 0.655924 | C17: =MEDIAN('Raw SELECT'!H205:H209) -> 0.646333 | D17: =MEDIAN('Raw SELECT'!H255:H259) -> 1.058823 | E17: =MEDIAN(B17:D17) -> 0.655924 | F17: =MEDIAN('Raw SELECT'!H160:H164) -> 0.627113 | G17: =MEDIAN('Raw SELECT'!H210:H214) -> 0.712916 | H17: =MEDIAN('Raw SELECT'!H260:H264) -> 1.644976 | I17: =MEDIAN(F17:H17) -> 0.712916 | J17: =I17/E17 -> 1.0868881
A18: 1000 | B18: =MEDIAN('Raw SELECT'!H165:H169) -> 0.63932 | C18: =MEDIAN('Raw SELECT'!H215:H219) -> 0.66094 | D18: =MEDIAN('Raw SELECT'!H265:H269) -> 7.210799 | E18: =MEDIAN(B18:D18) -> 0.66094 | F18: =MEDIAN('Raw SELECT'!H170:H174) -> 1.607978 | G18: =MEDIAN('Raw SELECT'!H220:H224) -> 1.502893 | H18: =MEDIAN('Raw SELECT'!H270:H274) -> 3.008244 | I18: =MEDIAN(F18:H18) -> 1.607978 | J18: =I18/E18 -> 2.4328653
A19: 10000 | B19: =MEDIAN('Raw SELECT'!H175:H179) -> 0.681096 | C19: =MEDIAN('Raw SELECT'!H225:H229) -> 0.694594 | D19: =MEDIAN('Raw SELECT'!H275:H279) -> 0.967895 | E19: =MEDIAN(B19:D19) -> 0.694594 | F19: =MEDIAN('Raw SELECT'!H180:H184) -> 8.239613 | G19: =MEDIAN('Raw SELECT'!H230:H234) -> 8.271975 | H19: =MEDIAN('Raw SELECT'!H280:H284) -> 18.975025 | I19: =MEDIAN(F19:H19) -> 8.271975 | J19: =I19/E19 -> 11.909079
A20: 100000 | B20: =MEDIAN('Raw SELECT'!H185:H189) -> 0.60289 | C20: =MEDIAN('Raw SELECT'!H235:H239) -> 0.702767 | D20: =MEDIAN('Raw SELECT'!H285:H289) -> 7.769218 | E20: =MEDIAN(B20:D20) -> 0.702767 | F20: =MEDIAN('Raw SELECT'!H190:H194) -> 75.205791 | G20: =MEDIAN('Raw SELECT'!H240:H244) -> 92.219373 | H20: =MEDIAN('Raw SELECT'!H290:H294) -> 110.74799 | I20: =MEDIAN(F20:H20) -> 92.219373 | J20: =I20/E20 -> 131.22325
A21: 1000000 | B21: =MEDIAN('Raw SELECT'!H195:H199) -> 0.602214 | C21: =MEDIAN('Raw SELECT'!H245:H249) -> 0.691519 | D21: =MEDIAN('Raw SELECT'!H295:H299) -> 0.897475 | E21: =MEDIAN(B21:D21) -> 0.691519 | F21: =MEDIAN('Raw SELECT'!H200:H204) -> 853.92341 | G21: =MEDIAN('Raw SELECT'!H250:H254) -> 1038.8795 | H21: =MEDIAN('Raw SELECT'!H300:H304) -> 788.63045 | I21: =MEDIAN(F21:H21) -> 853.92341 | J21: =I21/E21 -> 1234.8517
A22: With LIMIT 1 MySQL stops scanning at the first match, so for a row near the start (id = 10) the table without a PK can be as fast as the PK lookup (ratio below 1x).
A24: C. Extra: main query repeated after all inserts (table has 1,220,000 rows)
B25: WITH primary key | F25: WITHOUT primary key
A26: Target id | B26: Run 1 | C26: Run 2 | D26: Run 3 | E26: Median | F26: Run 1 | G26: Run 2 | H26: Run 3 | I26: Median | J26: PK is ... times faster
A27: 10 | B27: =MEDIAN('Raw SELECT'!H305:H309) -> 1.093668 | C27: =MEDIAN('Raw SELECT'!H355:H359) -> 0.744771 | D27: =MEDIAN('Raw SELECT'!H405:H409) -> 0.658091 | E27: =MEDIAN(B27:D27) -> 0.744771 | F27: =MEDIAN('Raw SELECT'!H310:H314) -> 1099.9525 | G27: =MEDIAN('Raw SELECT'!H360:H364) -> 1244.7869 | H27: =MEDIAN('Raw SELECT'!H410:H414) -> 980.39409 | I27: =MEDIAN(F27:H27) -> 1099.9525 | J27: =I27/E27 -> 1476.9003
A28: 1000 | B28: =MEDIAN('Raw SELECT'!H315:H319) -> 0.658768 | C28: =MEDIAN('Raw SELECT'!H365:H369) -> 0.647655 | D28: =MEDIAN('Raw SELECT'!H415:H419) -> 0.616761 | E28: =MEDIAN(B28:D28) -> 0.647655 | F28: =MEDIAN('Raw SELECT'!H320:H324) -> 1053.9141 | G28: =MEDIAN('Raw SELECT'!H370:H374) -> 1061.3736 | H28: =MEDIAN('Raw SELECT'!H420:H424) -> 972.73783 | I28: =MEDIAN(F28:H28) -> 1053.9141 | J28: =I28/E28 -> 1627.2771
A29: 10000 | B29: =MEDIAN('Raw SELECT'!H325:H329) -> 0.663121 | C29: =MEDIAN('Raw SELECT'!H375:H379) -> 0.714442 | D29: =MEDIAN('Raw SELECT'!H425:H429) -> 0.693053 | E29: =MEDIAN(B29:D29) -> 0.693053 | F29: =MEDIAN('Raw SELECT'!H330:H334) -> 1050.6274 | G29: =MEDIAN('Raw SELECT'!H380:H384) -> 1064.3693 | H29: =MEDIAN('Raw SELECT'!H430:H434) -> 937.71011 | I29: =MEDIAN(F29:H29) -> 1050.6274 | J29: =I29/E29 -> 1515.9409
A30: 100000 | B30: =MEDIAN('Raw SELECT'!H335:H339) -> 0.684831 | C30: =MEDIAN('Raw SELECT'!H385:H389) -> 0.688673 | D30: =MEDIAN('Raw SELECT'!H435:H439) -> 0.626535 | E30: =MEDIAN(B30:D30) -> 0.684831 | F30: =MEDIAN('Raw SELECT'!H340:H344) -> 1067.7447 | G30: =MEDIAN('Raw SELECT'!H390:H394) -> 4938.9289 | H30: =MEDIAN('Raw SELECT'!H440:H444) -> 983.18267 | I30: =MEDIAN(F30:H30) -> 1067.7447 | J30: =I30/E30 -> 1559.136
A31: 1000000 | B31: =MEDIAN('Raw SELECT'!H345:H349) -> 0.753657 | C31: =MEDIAN('Raw SELECT'!H395:H399) -> 0.76781 | D31: =MEDIAN('Raw SELECT'!H445:H449) -> 0.689692 | E31: =MEDIAN(B31:D31) -> 0.753657 | F31: =MEDIAN('Raw SELECT'!H350:H354) -> 1087.915 | G31: =MEDIAN('Raw SELECT'!H400:H404) -> 1298.7331 | H31: =MEDIAN('Raw SELECT'!H450:H454) -> 997.85759 | I31: =MEDIAN(F31:H31) -> 1087.915 | J31: =I31/E31 -> 1443.5148
A34: Chart data (section B medians)
A35: Target id | B35: With PK | C35: Without PK
A36: id = 10 | B36: =E17 -> 0.655924 | C36: =I17 -> 0.712916
A37: id = 1,000 | B37: =E18 -> 0.66094 | C37: =I18 -> 1.607978
A38: id = 10,000 | B38: =E19 -> 0.694594 | C38: =I19 -> 8.271975
A39: id = 100,000 | B39: =E20 -> 0.702767 | C39: =I20 -> 92.219373
A40: id = 1,000,000 | B40: =E21 -> 0.691519 | C40: =I21 -> 853.92341

Sheet INSERT results
A1: INSERT results - time to insert new random rows (seconds)
A2: Steps are cumulative on the same tables: 1,000,000 -> +20,000 -> +40,000 -> +60,000 -> +100,000. Run values link to 'Raw INSERT'. Lower is better.
D4: WITH primary key (s) | H4: WITHOUT primary key (s)
A5: Step | B5: Rows inserted | C5: Table size after | D5: Run 1 | E5: Run 2 | F5: Run 3 | G5: Median | H5: Run 1 | I5: Run 2 | J5: Run 3 | K5: Median | L5: Without PK vs with PK | M5: Rows/s with PK | N5: Rows/s without PK
A6: Initial load | B6: 1000000 | C6: 1000000 | D6: ='Raw INSERT'!G5 -> 46.937407 | E6: ='Raw INSERT'!G7 -> 55.823336 | F6: ='Raw INSERT'!G9 -> 66.798811 | G6: =MEDIAN(D6:F6) -> 55.823336 | H6: ='Raw INSERT'!G6 -> 54.635121 | I6: ='Raw INSERT'!G8 -> 35.007258 | J6: ='Raw INSERT'!G10 -> 77.878874 | K6: =MEDIAN(H6:J6) -> 54.635121 | L6: =(K6-G6)/G6 -> -0.021285278 | M6: =B6/G6 -> 17913.655 | N6: =B6/K6 -> 18303.245
A7: Insert 20,000 | B7: 20000 | C7: 1020000 | D7: ='Raw INSERT'!G11 -> 0.65365501 | E7: ='Raw INSERT'!G13 -> 1.153835 | F7: ='Raw INSERT'!G15 -> 0.79859478 | G7: =MEDIAN(D7:F7) -> 0.79859478 | H7: ='Raw INSERT'!G12 -> 0.69109368 | I7: ='Raw INSERT'!G14 -> 0.70838651 | J7: ='Raw INSERT'!G16 -> 0.71729589 | K7: =MEDIAN(H7:J7) -> 0.70838651 | L7: =(K7-G7)/G7 -> -0.11295876 | M7: =B7/G7 -> 25043.99 | N7: =B7/K7 -> 28233.175
A8: Insert 40,000 | B8: 40000 | C8: 1060000 | D8: ='Raw INSERT'!G17 -> 1.4240549 | E8: ='Raw INSERT'!G19 -> 1.4364377 | F8: ='Raw INSERT'!G21 -> 1.4417099 | G8: =MEDIAN(D8:F8) -> 1.4364377 | H8: ='Raw INSERT'!G18 -> 1.5087322 | I8: ='Raw INSERT'!G20 -> 1.3980935 | J8: ='Raw INSERT'!G22 -> 1.3700788 | K8: =MEDIAN(H8:J8) -> 1.3980935 | L8: =(K8-G8)/G8 -> -0.026693908 | M8: =B8/G8 -> 27846.666 | N8: =B8/K8 -> 28610.389
A9: Insert 60,000 | B9: 60000 | C9: 1120000 | D9: ='Raw INSERT'!G23 -> 2.4008062 | E9: ='Raw INSERT'!G25 -> 2.9352635 | F9: ='Raw INSERT'!G27 -> 3.2118988 | G9: =MEDIAN(D9:F9) -> 2.9352635 | H9: ='Raw INSERT'!G24 -> 1.9965942 | I9: ='Raw INSERT'!G26 -> 2.4478244 | J9: ='Raw INSERT'!G28 -> 2.1186816 | K9: =MEDIAN(H9:J9) -> 2.1186816 | L9: =(K9-G9)/G9 -> -0.27819713 | M9: =B9/G9 -> 20441.095 | N9: =B9/K9 -> 28319.498
A10: Insert 100,000 | B10: 100000 | C10: 1220000 | D10: ='Raw INSERT'!G29 -> 3.6496995 | E10: ='Raw INSERT'!G31 -> 3.5667129 | F10: ='Raw INSERT'!G33 -> 3.4661134 | G10: =MEDIAN(D10:F10) -> 3.5667129 | H10: ='Raw INSERT'!G30 -> 3.5337385 | I10: ='Raw INSERT'!G32 -> 3.977389 | J10: ='Raw INSERT'!G34 -> 3.4032759 | K10: =MEDIAN(H10:J10) -> 3.5337385 | L10: =(K10-G10)/G10 -> -0.0092450406 | M10: =B10/G10 -> 28037.02 | N10: =B10/K10 -> 28298.642
A12: 'Without PK vs with PK' = (median without PK - median with PK) / median with PK. Positive = the table without a PK was slower; negative = it was faster.

Sheet MySQL check
A1: Checked inside MySQL - table definitions, data, and MySQL's own timings
A2: A separate, fresh run of the doctor's steps (verification run). Times below come from MySQL's own clock (performance_schema), shown next to the Python-measured times.
A4: A. Table definitions - output of SHOW CREATE TABLE and SHOW INDEX
A5: Table | B5: SHOW CREATE TABLE (exactly as MySQL returns it) | G5: SHOW INDEX
A6: data_pk (With PK) | B6: CREATE TABLE `data_pk` ( `id` int NOT NULL, `name` varchar(50) NOT NULL, `email` varchar(100) NOT NULL, `age` int NOT NULL, `city` varchar(30) NOT NULL, `salary` decimal(12,2) NOT NULL, `created_at` datetime NOT NULL, PRIMARY KEY (`id`) ) ENGINE=InnoDB DEFAULT CHARSET=utf8mb4 COLLATE=utf8mb4_0900_ai_ci | G6: PRIMARY on id (BTREE, unique)
A7: data_nopk (Without PK) | B7: CREATE TABLE `data_nopk` ( `id` int NOT NULL, `name` varchar(50) NOT NULL, `email` varchar(100) NOT NULL, `age` int NOT NULL, `city` varchar(30) NOT NULL, `salary` decimal(12,2) NOT NULL, `created_at` datetime NOT NULL ) ENGINE=InnoDB DEFAULT CHARSET=utf8mb4 COLLATE=utf8mb4_0900_ai_ci | G7: (no indexes at all)
A9: B. Data checks - SQL run inside MySQL on both tables
A10: Stage | B10: Table | C10: COUNT(*) | D10: COUNT(DISTINCT id) | E10: MIN(id) | F10: MAX(id) | G10: Checksum of all columns | H10: Same data in both tables? | I10: Age min | J10: Age max | K10: Distinct cities | L10: Salary min | M10: Salary max | N10: First created_at | O10: Last created_at
A11: After step 2 (1,000,000 rows) | B11: data_pk | C11: 1000000 | D11: 1000000 | E11: 1 | F11: 1000000 | G11: 3469309737 | H11: =IF($G$11=$G$12,"Yes - identical","NO - different") -> Yes - identical | I11: 18 | J11: 65 | K11: 12 | L11: 3000059.1 | M11: 49999989 | N11: 2020-01-01 00:19:37 | O11: 2025-12-29 23:56:28
A12: After step 2 (1,000,000 rows) | B12: data_nopk | C12: 1000000 | D12: 1000000 | E12: 1 | F12: 1000000 | G12: 3469309737 | H12: =IF($G$11=$G$12,"Yes - identical","NO - different") -> Yes - identical | I12: 18 | J12: 65 | K12: 12 | L12: 3000059.1 | M12: 49999989 | N12: 2020-01-01 00:19:37 | O12: 2025-12-29 23:56:28
A13: After step 5 (1,220,000 rows) | B13: data_pk | C13: 1220000 | D13: 1220000 | E13: 1 | F13: 1220000 | G13: 1493473557 | H13: =IF($G$13=$G$14,"Yes - identical","NO - different") -> Yes - identical | I13: 18 | J13: 65 | K13: 12 | L13: 3000059.1 | M13: 49999989 | N13: 2020-01-01 00:19:37 | O13: 2025-12-29 23:56:28
A14: After step 5 (1,220,000 rows) | B14: data_nopk | C14: 1220000 | D14: 1220000 | E14: 1 | F14: 1220000 | G14: 1493473557 | H14: =IF($G$13=$G$14,"Yes - identical","NO - different") -> Yes - identical | I14: 18 | J14: 65 | K14: 12 | L14: 3000059.1 | M14: 49999989 | N14: 2020-01-01 00:19:37 | O14: 2025-12-29 23:56:28
A15: Checksum = BIT_XOR(CRC32(CONCAT_WS('|', id, name, email, age, city, salary, created_at))) over every row. Equal checksums = both tables contain exactly the same rows.
A17: C. SELECT * FROM table WHERE id = N - MySQL's own timer and rows examined (median of 5 executions)
B18: WITH primary key | F18: WITHOUT primary key
A19: Target id | B19: Main experiment, Python (ms) | C19: Verification, Python (ms) | D19: Verification, MySQL timer (ms) | E19: Rows examined (MySQL) | F19: Main experiment, Python (ms) | G19: Verification, Python (ms) | H19: Verification, MySQL timer (ms) | I19: Rows examined (MySQL)
A20: 10 | B20: ='SELECT results'!E7 -> 0.721222 | C20: =MEDIAN('Raw verification'!E5:E9) -> 0.680745 | D20: =MEDIAN('Raw verification'!F5:F9) -> 0.264424 | E20: =MAX('Raw verification'!G5:G9) -> 1 | F20: ='SELECT results'!I7 -> 1180.7814 | G20: =MEDIAN('Raw verification'!E10:E14) -> 790.33275 | H20: =MEDIAN('Raw verification'!F10:F14) -> 789.59395 | I20: =MAX('Raw verification'!G10:G14) -> 1000000
A21: 1000 | B21: ='SELECT results'!E8 -> 0.716367 | C21: =MEDIAN('Raw verification'!E15:E19) -> 0.720408 | D21: =MEDIAN('Raw verification'!F15:F19) -> 0.271756 | E21: =MAX('Raw verification'!G15:G19) -> 1 | F21: ='SELECT results'!I8 -> 841.35125 | G21: =MEDIAN('Raw verification'!E20:E24) -> 821.54916 | H21: =MEDIAN('Raw verification'!F20:F24) -> 821.05558 | I21: =MAX('Raw verification'!G20:G24) -> 1000000
A22: 10000 | B22: ='SELECT results'!E9 -> 1.05995 | C22: =MEDIAN('Raw verification'!E25:E29) -> 0.718969 | D22: =MEDIAN('Raw verification'!F25:F29) -> 0.281846 | E22: =MAX('Raw verification'!G25:G29) -> 1 | F22: ='SELECT results'!I9 -> 1177.8792 | G22: =MEDIAN('Raw verification'!E30:E34) -> 808.0562 | H22: =MEDIAN('Raw verification'!F30:F34) -> 807.4786 | I22: =MAX('Raw verification'!G30:G34) -> 1000000
A23: 100000 | B23: ='SELECT results'!E10 -> 0.704118 | C23: =MEDIAN('Raw verification'!E35:E39) -> 0.682763 | D23: =MEDIAN('Raw verification'!F35:F39) -> 0.265279 | E23: =MAX('Raw verification'!G35:G39) -> 1 | F23: ='SELECT results'!I10 -> 908.85151 | G23: =MEDIAN('Raw verification'!E40:E44) -> 845.48556 | H23: =MEDIAN('Raw verification'!F40:F44) -> 845.06931 | I23: =MAX('Raw verification'!G40:G44) -> 1000000
A24: 1000000 | B24: ='SELECT results'!E11 -> 0.79262 | C24: =MEDIAN('Raw verification'!E45:E49) -> 1.143798 | D24: =MEDIAN('Raw verification'!F45:F49) -> 0.448783 | E24: =MAX('Raw verification'!G45:G49) -> 1 | F24: ='SELECT results'!I11 -> 1080.1568 | G24: =MEDIAN('Raw verification'!E50:E54) -> 845.29966 | H24: =MEDIAN('Raw verification'!F50:F54) -> 844.91625 | I24: =MAX('Raw verification'!G50:G54) -> 1000000
A25: MySQL timer = TIMER_WAIT in performance_schema.events_statements_history: the time the server spent running the statement. The Python time also includes the network round trip, so a PK lookup shows ~0.1 ms inside MySQL but ~0.3 ms in Python. For the table without a PK both clocks agree, because reading every row dominates.
A27: D. INSERT - MySQL's own timer and row counts (verification run)
C28: WITH primary key (s) | F28: WITHOUT primary key (s)
A29: Step | B29: Rows inserted | C29: Main experiment, Python | D29: Verification, Python | E29: Verification, MySQL timer | F29: Main experiment, Python | G29: Verification, Python | H29: Verification, MySQL timer | I29: COUNT(*) after - with PK | J29: COUNT(*) after - without PK
A30: Initial load | B30: 1000000 | C30: ='INSERT results'!G6 -> 55.823336 | D30: ='Raw verification'!E59 -> 56.708368 | E30: ='Raw verification'!F59 -> 30.954989 | F30: ='INSERT results'!K6 -> 54.635121 | G30: ='Raw verification'!E60 -> 33.601339 | H30: ='Raw verification'!F60 -> 17.684745 | I30: ='Raw verification'!G59 -> 1000000 | J30: ='Raw verification'!G60 -> 1000000
A31: Insert 20,000 | B31: 20000 | C31: ='INSERT results'!G7 -> 0.79859478 | D31: ='Raw verification'!E61 -> 0.74958524 | E31: ='Raw verification'!F61 -> 0.42753339 | F31: ='INSERT results'!K7 -> 0.70838651 | G31: ='Raw verification'!E62 -> 0.75641295 | H31: ='Raw verification'!F62 -> 0.3869386 | I31: ='Raw verification'!G61 -> 1020000 | J31: ='Raw verification'!G62 -> 1020000
A32: Insert 40,000 | B32: 40000 | C32: ='INSERT results'!G8 -> 1.4364377 | D32: ='Raw verification'!E63 -> 1.2774577 | E32: ='Raw verification'!F63 -> 0.70848053 | F32: ='INSERT results'!K8 -> 1.3980935 | G32: ='Raw verification'!E64 -> 1.2431864 | H32: ='Raw verification'!F64 -> 0.64631639 | I32: ='Raw verification'!G63 -> 1060000 | J32: ='Raw verification'!G64 -> 1060000
A33: Insert 60,000 | B33: 60000 | C33: ='INSERT results'!G9 -> 2.9352635 | D33: ='Raw verification'!E65 -> 1.9898657 | E33: ='Raw verification'!F65 -> 1.0866134 | F33: ='INSERT results'!K9 -> 2.1186816 | G33: ='Raw verification'!E66 -> 1.9273595 | H33: ='Raw verification'!F66 -> 1.0141527 | I33: ='Raw verification'!G65 -> 1120000 | J33: ='Raw verification'!G66 -> 1120000
A34: Insert 100,000 | B34: 100000 | C34: ='INSERT results'!G10 -> 3.5667129 | D34: ='Raw verification'!E67 -> 3.2235161 | E34: ='Raw verification'!F67 -> 1.7816665 | F34: ='INSERT results'!K10 -> 3.5337385 | G34: ='Raw verification'!E68 -> 3.1706781 | H34: ='Raw verification'!F68 -> 1.6809089 | I34: ='Raw verification'!G67 -> 1220000 | J34: ='Raw verification'!G68 -> 1220000
A35: MySQL timer = total TIMER_WAIT of that step's INSERT statements + COMMIT (performance_schema.events_statements_summary_by_thread_by_event_name). The Python time is about twice as long because it also packs and sends the rows over the connection. Neither clock shows a consistent winner for inserts - the primary key adds almost no insert cost here.

Sheet Sample data
A1: Sample rows exactly as stored in MySQL (verification run, after step 2)
A2: SELECT * FROM data_pk / data_nopk WHERE id IN (1..10, 1000, 10000, 100000, 1000000) ORDER BY id. All columns except id are random.
A4: data_pk (WITH primary key) | I4: data_nopk (WITHOUT primary key)
A5: id | B5: name | C5: email | D5: age | E5: city | F5: salary | G5: created_at | I5: id | J5: name | K5: email | L5: age | M5: city | N5: salary | O5: created_at | P5: Row identical?
A6: 1 | B6: Itnqqj | C6: itnqqj7155@example.com | D6: 43 | E6: Yogyakarta | F6: 5715807.4 | G6: 2021-04-11 05:32:01 | I6: 1 | J6: Itnqqj | K6: itnqqj7155@example.com | L6: 43 | M6: Yogyakarta | N6: 5715807.4 | O6: 2021-04-11 05:32:01 | P6: =IF(AND(A6=I6,B6=J6,C6=K6,D6=L6,E6=M6,F6=N6,G6=O6),"Yes","NO") -> Yes
A7: 2 | B7: Inruglh | C7: inruglh693@example.com | D7: 51 | E7: Semarang | F7: 31234152 | G7: 2024-06-01 01:00:32 | I7: 2 | J7: Inruglh | K7: inruglh693@example.com | L7: 51 | M7: Semarang | N7: 31234152 | O7: 2024-06-01 01:00:32 | P7: =IF(AND(A7=I7,B7=J7,C7=K7,D7=L7,E7=M7,F7=N7,G7=O7),"Yes","NO") -> Yes
A8: 3 | B8: Rayhkughpcch | C8: rayhkughpcch9510@example.com | D8: 52 | E8: Medan | F8: 13640076 | G8: 2024-12-25 07:17:07 | I8: 3 | J8: Rayhkughpcch | K8: rayhkughpcch9510@example.com | L8: 52 | M8: Medan | N8: 13640076 | O8: 2024-12-25 07:17:07 | P8: =IF(AND(A8=I8,B8=J8,C8=K8,D8=L8,E8=M8,F8=N8,G8=O8),"Yes","NO") -> Yes
A9: 4 | B9: Eriqepo | C9: eriqepo8066@example.com | D9: 51 | E9: Jakarta | F9: 40833471 | G9: 2025-10-07 10:57:19 | I9: 4 | J9: Eriqepo | K9: eriqepo8066@example.com | L9: 51 | M9: Jakarta | N9: 40833471 | O9: 2025-10-07 10:57:19 | P9: =IF(AND(A9=I9,B9=J9,C9=K9,D9=L9,E9=M9,F9=N9,G9=O9),"Yes","NO") -> Yes
A10: 5 | B10: Zyrintoqo | C10: zyrintoqo3430@example.com | D10: 40 | E10: Medan | F10: 42011580 | G10: 2020-04-16 12:34:39 | I10: 5 | J10: Zyrintoqo | K10: zyrintoqo3430@example.com | L10: 40 | M10: Medan | N10: 42011580 | O10: 2020-04-16 12:34:39 | P10: =IF(AND(A10=I10,B10=J10,C10=K10,D10=L10,E10=M10,F10=N10,G10=O10),"Yes","NO") -> Yes
A11: 6 | B11: Hrslvzp | C11: hrslvzp3@example.com | D11: 28 | E11: Bandung | F11: 4396593.8 | G11: 2024-09-06 06:48:49 | I11: 6 | J11: Hrslvzp | K11: hrslvzp3@example.com | L11: 28 | M11: Bandung | N11: 4396593.8 | O11: 2024-09-06 06:48:49 | P11: =IF(AND(A11=I11,B11=J11,C11=K11,D11=L11,E11=M11,F11=N11,G11=O11),"Yes","NO") -> Yes
A12: 7 | B12: Edavsmdcuugu | C12: edavsmdcuugu5737@example.com | D12: 39 | E12: Solo | F12: 26056456 | G12: 2023-08-30 10:19:03 | I12: 7 | J12: Edavsmdcuugu | K12: edavsmdcuugu5737@example.com | L12: 39 | M12: Solo | N12: 26056456 | O12: 2023-08-30 10:19:03 | P12: =IF(AND(A12=I12,B12=J12,C12=K12,D12=L12,E12=M12,F12=N12,G12=O12),"Yes","NO") -> Yes
A13: 8 | B13: Rzvejh | C13: rzvejh8912@example.com | D13: 46 | E13: Makassar | F13: 27707560 | G13: 2020-04-15 23:04:56 | I13: 8 | J13: Rzvejh | K13: rzvejh8912@example.com | L13: 46 | M13: Makassar | N13: 27707560 | O13: 2020-04-15 23:04:56 | P13: =IF(AND(A13=I13,B13=J13,C13=K13,D13=L13,E13=M13,F13=N13,G13=O13),"Yes","NO") -> Yes
A14: 9 | B14: Bdgna | C14: bdgna6297@example.com | D14: 60 | E14: Makassar | F14: 36997220 | G14: 2021-11-10 22:41:39 | I14: 9 | J14: Bdgna | K14: bdgna6297@example.com | L14: 60 | M14: Makassar | N14: 36997220 | O14: 2021-11-10 22:41:39 | P14: =IF(AND(A14=I14,B14=J14,C14=K14,D14=L14,E14=M14,F14=N14,G14=O14),"Yes","NO") -> Yes
A15: 10 | B15: Zpzgqfafnm | C15: zpzgqfafnm1409@example.com | D15: 48 | E15: Medan | F15: 9607294.4 | G15: 2023-04-21 16:01:48 | I15: 10 | J15: Zpzgqfafnm | K15: zpzgqfafnm1409@example.com | L15: 48 | M15: Medan | N15: 9607294.4 | O15: 2023-04-21 16:01:48 | P15: =IF(AND(A15=I15,B15=J15,C15=K15,D15=L15,E15=M15,F15=N15,G15=O15),"Yes","NO") -> Yes
A16: 1000 | B16: Layznir | C16: layznir1725@example.com | D16: 56 | E16: Malang | F16: 29409307 | G16: 2022-06-25 14:00:40 | I16: 1000 | J16: Layznir | K16: layznir1725@example.com | L16: 56 | M16: Malang | N16: 29409307 | O16: 2022-06-25 14:00:40 | P16: =IF(AND(A16=I16,B16=J16,C16=K16,D16=L16,E16=M16,F16=N16,G16=O16),"Yes","NO") -> Yes
A17: 10000 | B17: Scidluympx | C17: scidluympx9306@example.com | D17: 55 | E17: Solo | F17: 33081797 | G17: 2023-07-14 08:09:11 | I17: 10000 | J17: Scidluympx | K17: scidluympx9306@example.com | L17: 55 | M17: Solo | N17: 33081797 | O17: 2023-07-14 08:09:11 | P17: =IF(AND(A17=I17,B17=J17,C17=K17,D17=L17,E17=M17,F17=N17,G17=O17),"Yes","NO") -> Yes
... A19: 1000000 | B19: Bgwcsd | C19: bgwcsd2131@example.com | D19: 44 | E19: Makassar | F19: 36514640 | G19: 2020-05-28 03:40:15 | I19: 1000000 | J19: Bgwcsd | K19: bgwcsd2131@example.com | L19: 44 | M19: Makassar | N19: 36514640 | O19: 2020-05-28 03:40:15 | P19: =IF(AND(A19=I19,B19=J19,C19=K19,D19=L19,E19=M19,F19=N19,G19=O19),"Yes","NO") -> Yes

Sheet Rows read (EXPLAIN)
A1: How many rows MySQL had to read - EXPLAIN plan and handler counters (run 1)
A2: type = const -> direct lookup through the PRIMARY KEY index. type = ALL -> full table scan. Handler_read_rnd_next counts rows read one-by-one during a scan.
A4: Table | B4: Query | C4: Target id | D4: EXPLAIN type | E4: EXPLAIN key | F4: EXPLAIN rows (estimate) | G4: Handler_read_key | H4: Handler_read_rnd_next | I4: Rows actually read
A5: With PK | B5: SELECT * FROM t WHERE id = N | C5: 10 | D5: const | E5: PRIMARY | F5: 1 | G5: 1 | H5: 0 | I5: =IF(H5>0,H5,G5) -> 1
A6: With PK | B6: SELECT * FROM t WHERE id = N | C6: 1000 | D6: const | E6: PRIMARY | F6: 1 | G6: 1 | H6: 0 | I6: =IF(H6>0,H6,G6) -> 1
A7: With PK | B7: SELECT * FROM t WHERE id = N | C7: 10000 | D7: const | E7: PRIMARY | F7: 1 | G7: 1 | H7: 0 | I7: =IF(H7>0,H7,G7) -> 1
A8: With PK | B8: SELECT * FROM t WHERE id = N | C8: 100000 | D8: const | E8: PRIMARY | F8: 1 | G8: 1 | H8: 0 | I8: =IF(H8>0,H8,G8) -> 1
A9: With PK | B9: SELECT * FROM t WHERE id = N | C9: 1000000 | D9: const | E9: PRIMARY | F9: 1 | G9: 1 | H9: 0 | I9: =IF(H9>0,H9,G9) -> 1
A10: Without PK | B10: SELECT * FROM t WHERE id = N | C10: 10 | D10: ALL | E10: (none) | F10: 993492 | G10: 1 | H10: 1000001 | I10: =IF(H10>0,H10,G10) -> 1000001
A11: Without PK | B11: SELECT * FROM t WHERE id = N | C11: 1000 | D11: ALL | E11: (none) | F11: 993492 | G11: 1 | H11: 1000001 | I11: =IF(H11>0,H11,G11) -> 1000001
A12: Without PK | B12: SELECT * FROM t WHERE id = N | C12: 10000 | D12: ALL | E12: (none) | F12: 993492 | G12: 1 | H12: 1000001 | I12: =IF(H12>0,H12,G12) -> 1000001
A13: Without PK | B13: SELECT * FROM t WHERE id = N | C13: 100000 | D13: ALL | E13: (none) | F13: 993492 | G13: 1 | H13: 1000001 | I13: =IF(H13>0,H13,G13) -> 1000001
A14: Without PK | B14: SELECT * FROM t WHERE id = N | C14: 1000000 | D14: ALL | E14: (none) | F14: 993492 | G14: 1 | H14: 1000001 | I14: =IF(H14>0,H14,G14) -> 1000001
A15: With PK | B15: SELECT * FROM t WHERE id = N LIMIT 1 | C15: 10 | D15: const | E15: PRIMARY | F15: 1 | G15: 1 | H15: 0 | I15: =IF(H15>0,H15,G15) -> 1
A16: With PK | B16: SELECT * FROM t WHERE id = N LIMIT 1 | C16: 1000 | D16: const | E16: PRIMARY | F16: 1 | G16: 1 | H16: 0 | I16: =IF(H16>0,H16,G16) -> 1
... A24: Without PK | B24: SELECT * FROM t WHERE id = N LIMIT 1 | C24: 1000000 | D24: ALL | E24: (none) | F24: 993492 | G24: 1 | H24: 1000000 | I24: =IF(H24>0,H24,G24) -> 1000000
A26: Rows actually read = Handler_read_rnd_next when MySQL scanned the table, otherwise Handler_read_key (index lookups). A scan also counts one final 'end of table' read, so a full scan of N rows shows N + 1.

Sheet Table size
A1: Table size on disk (information_schema, after ANALYZE TABLE)
A2: InnoDB stores the whole table inside its clustered index. With a PK that index is the PRIMARY KEY; without one InnoDB adds a hidden 6-byte row id (GEN_CLUST_INDEX) and clusters on that.
A4: Run | B4: Stage | C4: Table | D4: Row count | E4: Data (MB) | F4: Secondary indexes (MB)
A5: 1 | B5: after 1,000,000 | C5: With PK | D5: 1000000 | E5: 83.59375 | F5: 0
A6: 1 | B6: after 1,000,000 | C6: Without PK | D6: 1000000 | E6: 89.609375 | F6: 0
A7: 1 | B7: after 1,220,000 | C7: With PK | D7: 1220000 | E7: 101.60938 | F7: 0
A8: 1 | B8: after 1,220,000 | C8: Without PK | D8: 1220000 | E8: 109.64062 | F8: 0
A9: 2 | B9: after 1,000,000 | C9: With PK | D9: 1000000 | E9: 83.59375 | F9: 0
A10: 2 | B10: after 1,000,000 | C10: Without PK | D10: 1000000 | E10: 89.609375 | F10: 0
A11: 2 | B11: after 1,220,000 | C11: With PK | D11: 1220000 | E11: 101.60938 | F11: 0
A12: 2 | B12: after 1,220,000 | C12: Without PK | D12: 1220000 | E12: 109.64062 | F12: 0
A13: 3 | B13: after 1,000,000 | C13: With PK | D13: 1000000 | E13: 83.59375 | F13: 0
A14: 3 | B14: after 1,000,000 | C14: Without PK | D14: 1000000 | E14: 89.609375 | F14: 0
A15: 3 | B15: after 1,220,000 | C15: With PK | D15: 1220000 | E15: 101.60938 | F15: 0
A16: 3 | B16: after 1,220,000 | C16: Without PK | D16: 1220000 | E16: 109.64062 | F16: 0

Sheet Raw SELECT
A1: Raw SELECT timings - every single query execution
A2: Each SELECT was executed 5 times per run; time = send query + fetch result, measured in Python (time.perf_counter).
A4: Run | B4: Stage | C4: Rows in table | D4: Query | E4: Table | F4: Target id | G4: Repeat # | H4: Time (ms)
A5: 1 | B5: after initial load | C5: 1000000 | D5: SELECT * FROM t WHERE id = N | E5: With PK | F5: 10 | G5: 1 | H5: 2.025051
A6: 1 | B6: after initial load | C6: 1000000 | D6: SELECT * FROM t WHERE id = N | E6: With PK | F6: 10 | G6: 2 | H6: 1.024363
A7: 1 | B7: after initial load | C7: 1000000 | D7: SELECT * FROM t WHERE id = N | E7: With PK | F7: 10 | G7: 3 | H7: 6.710741
A8: 1 | B8: after initial load | C8: 1000000 | D8: SELECT * FROM t WHERE id = N | E8: With PK | F8: 10 | G8: 4 | H8: 0.678556
A9: 1 | B9: after initial load | C9: 1000000 | D9: SELECT * FROM t WHERE id = N | E9: With PK | F9: 10 | G9: 5 | H9: 0.658031
A10: 1 | B10: after initial load | C10: 1000000 | D10: SELECT * FROM t WHERE id = N | E10: Without PK | F10: 10 | G10: 1 | H10: 964.96957
A11: 1 | B11: after initial load | C11: 1000000 | D11: SELECT * FROM t WHERE id = N | E11: Without PK | F11: 10 | G11: 2 | H11: 916.04832
A12: 1 | B12: after initial load | C12: 1000000 | D12: SELECT * FROM t WHERE id = N | E12: Without PK | F12: 10 | G12: 3 | H12: 805.6031
A13: 1 | B13: after initial load | C13: 1000000 | D13: SELECT * FROM t WHERE id = N | E13: Without PK | F13: 10 | G13: 4 | H13: 918.97075
A14: 1 | B14: after initial load | C14: 1000000 | D14: SELECT * FROM t WHERE id = N | E14: Without PK | F14: 10 | G14: 5 | H14: 795.19237
A15: 1 | B15: after initial load | C15: 1000000 | D15: SELECT * FROM t WHERE id = N | E15: With PK | F15: 1000 | G15: 1 | H15: 0.680039
A16: 1 | B16: after initial load | C16: 1000000 | D16: SELECT * FROM t WHERE id = N | E16: With PK | F16: 1000 | G16: 2 | H16: 0.754234
... A454: 3 | B454: after all inserts | C454: 1220000 | D454: SELECT * FROM t WHERE id = N | E454: Without PK | F454: 1000000 | G454: 5 | H454: 1063.464

Sheet Raw INSERT
A1: Raw INSERT timings - every insert step, every run
A2: Rows inserted with multi-row INSERT statements of 1,000 rows, committed once per step. Both tables received exactly the same random rows.
A4: Run | B4: Step | C4: Table | D4: Rows inserted | E4: Rows before | F4: Rows after | G4: Time (s)
A5: 1 | B5: Initial load | C5: With PK | D5: 1000000 | E5: 0 | F5: 1000000 | G5: 46.937407
A6: 1 | B6: Initial load | C6: Without PK | D6: 1000000 | E6: 0 | F6: 1000000 | G6: 54.635121
A7: 2 | B7: Initial load | C7: With PK | D7: 1000000 | E7: 0 | F7: 1000000 | G7: 55.823336
A8: 2 | B8: Initial load | C8: Without PK | D8: 1000000 | E8: 0 | F8: 1000000 | G8: 35.007258
A9: 3 | B9: Initial load | C9: With PK | D9: 1000000 | E9: 0 | F9: 1000000 | G9: 66.798811
A10: 3 | B10: Initial load | C10: Without PK | D10: 1000000 | E10: 0 | F10: 1000000 | G10: 77.878874
A11: 1 | B11: Insert 20,000 | C11: With PK | D11: 20000 | E11: 1000000 | F11: 1020000 | G11: 0.65365501
A12: 1 | B12: Insert 20,000 | C12: Without PK | D12: 20000 | E12: 1000000 | F12: 1020000 | G12: 0.69109368
A13: 2 | B13: Insert 20,000 | C13: With PK | D13: 20000 | E13: 1000000 | F13: 1020000 | G13: 1.153835
A14: 2 | B14: Insert 20,000 | C14: Without PK | D14: 20000 | E14: 1000000 | F14: 1020000 | G14: 0.70838651
A15: 3 | B15: Insert 20,000 | C15: With PK | D15: 20000 | E15: 1000000 | F15: 1020000 | G15: 0.79859478
A16: 3 | B16: Insert 20,000 | C16: Without PK | D16: 20000 | E16: 1000000 | F16: 1020000 | G16: 0.71729589
... A34: 3 | B34: Insert 100,000 | C34: Without PK | D34: 100000 | E34: 1120000 | F34: 1220000 | G34: 3.4032759

Sheet Raw verification
A1: Raw verification data - every statement of the verification run
A2: SQL text, time and rows examined exactly as MySQL recorded them in performance_schema.
A4: Table | B4: Target id | C4: Repeat # | D4: SQL text (recorded by MySQL) | E4: Python time (ms) | F4: MySQL timer (ms) | G4: Rows examined | H4: Rows sent | I4: No index used (1 = yes)
A5: With PK | B5: 10 | C5: 1 | D5: SELECT * FROM data_pk WHERE id = 10 | E5: 0.688917 | F5: 0.29173 | G5: 1 | H5: 1 | I5: 0
A6: With PK | B6: 10 | C6: 2 | D6: SELECT * FROM data_pk WHERE id = 10 | E6: 0.658365 | F6: 0.260856 | G6: 1 | H6: 1 | I6: 0
A7: With PK | B7: 10 | C7: 3 | D7: SELECT * FROM data_pk WHERE id = 10 | E7: 0.649809 | F7: 0.245494 | G7: 1 | H7: 1 | I7: 0
A8: With PK | B8: 10 | C8: 4 | D8: SELECT * FROM data_pk WHERE id = 10 | E8: 0.680745 | F8: 0.266683 | G8: 1 | H8: 1 | I8: 0
A9: With PK | B9: 10 | C9: 5 | D9: SELECT * FROM data_pk WHERE id = 10 | E9: 0.686554 | F9: 0.264424 | G9: 1 | H9: 1 | I9: 0
A10: Without PK | B10: 10 | C10: 1 | D10: SELECT * FROM data_nopk WHERE id = 10 | E10: 815.74579 | F10: 815.31253 | G10: 1000000 | H10: 1 | I10: 1
A11: Without PK | B11: 10 | C11: 2 | D11: SELECT * FROM data_nopk WHERE id = 10 | E11: 790.33275 | F11: 789.59395 | G11: 1000000 | H11: 1 | I11: 1
A12: Without PK | B12: 10 | C12: 3 | D12: SELECT * FROM data_nopk WHERE id = 10 | E12: 787.8888 | F12: 787.39275 | G12: 1000000 | H12: 1 | I12: 1
A13: Without PK | B13: 10 | C13: 4 | D13: SELECT * FROM data_nopk WHERE id = 10 | E13: 851.6182 | F13: 851.18526 | G13: 1000000 | H13: 1 | I13: 1
A14: Without PK | B14: 10 | C14: 5 | D14: SELECT * FROM data_nopk WHERE id = 10 | E14: 777.21984 | F14: 776.78374 | G14: 1000000 | H14: 1 | I14: 1
A15: With PK | B15: 1000 | C15: 1 | D15: SELECT * FROM data_pk WHERE id = 1000 | E15: 1.087638 | F15: 0.474997 | G15: 1 | H15: 1 | I15: 0
A16: With PK | B16: 1000 | C16: 2 | D16: SELECT * FROM data_pk WHERE id = 1000 | E16: 0.652649 | F16: 0.263131 | G16: 1 | H16: 1 | I16: 0
... A54: Without PK | B54: 1000000 | C54: 5 | D54: SELECT * FROM data_nopk WHERE id = 1000000 | E54: 903.32756 | F54: 902.89212 | G54: 1000000 | H54: 1 | I54: 1
A57: INSERT statements of the verification run
A58: Table | B58: Step | C58: Rows inserted | D58: INSERT statements + COMMIT | E58: Python time (s) | F58: MySQL timer (s) | G58: COUNT(*) after
A59: With PK | B59: Initial load | C59: 1000000 | D59: 1001 | E59: 56.708368 | F59: 30.954989 | G59: 1000000
A60: Without PK | B60: Initial load | C60: 1000000 | D60: 1001 | E60: 33.601339 | F60: 17.684745 | G60: 1000000
A61: With PK | B61: Insert 20,000 | C61: 20000 | D61: 21 | E61: 0.74958524 | F61: 0.42753339 | G61: 1020000
A62: Without PK | B62: Insert 20,000 | C62: 20000 | D62: 21 | E62: 0.75641295 | F62: 0.3869386 | G62: 1020000
A63: With PK | B63: Insert 40,000 | C63: 40000 | D63: 41 | E63: 1.2774577 | F63: 0.70848053 | G63: 1060000
A64: Without PK | B64: Insert 40,000 | C64: 40000 | D64: 41 | E64: 1.2431864 | F64: 0.64631639 | G64: 1060000
A65: With PK | B65: Insert 60,000 | C65: 60000 | D65: 61 | E65: 1.9898657 | F65: 1.0866134 | G65: 1120000
A66: Without PK | B66: Insert 60,000 | C66: 60000 | D66: 61 | E66: 1.9273595 | F66: 1.0141527 | G66: 1120000
A67: With PK | B67: Insert 100,000 | C67: 100000 | D67: 101 | E67: 3.2235161 | F67: 1.7816665 | G67: 1220000
A68: Without PK | B68: Insert 100,000 | C68: 100000 | D68: 101 | E68: 3.1706781 | F68: 1.6809089 | G68: 1220000

Sheet Method & setup
A1: Method & setup
A3: Environment
A4: Machine | B4: MacBook (MySQL 8.0 in Docker)
A5: CPU | B5: Intel(R) Core(TM) i5-5257U CPU @ 2.70GHz
A6: Operating system | B6: Linux 6.10.14-linuxkit
A7: MySQL version | B7: 8.0.46
A8: Storage engine | B8: InnoDB (MySQL default)
A9: innodb_buffer_pool_size | B9: 128 MB (default)
A10: innodb_flush_log_at_trx_commit | B10: 1 (default - full durability)
A11: Client | B11: Python 3.12.14 + mysql-connector-python, same machine as the server
A12: Run started | B12: 2026-09-27 18:02:17 UTC
A14: Procedure (from the assignment)
A15: Step 1 | B15: Create two tables with identical columns: data_pk (id is the PRIMARY KEY) and data_nopk (id is a normal INT column: no primary key, no index).
A16: Step 2 | B16: Insert 1,000,000 random rows (ids 1..1,000,000) into each table. Both tables get exactly the same random data.
A17: Step 3 | B17: SELECT * FROM <table> WHERE id = N for N = 10, 1,000, 10,000, 100,000, 1,000,000; each query executed 5 times, median kept.
A18: Step 4 | B18: Insert 20,000 new random rows into the same tables and time it.
A19: Step 5 | B19: Insert 40,000, 60,000, 100,000 more rows (cumulative, same tables) and time each batch.
A20: Repeats | B20: The whole procedure (fresh tables) was repeated 3 times; the table order (PK first / no-PK first) alternates between runs so neither table always runs 'warm'. Summary values are medians of the runs.
A21: Insert method | B21: Multi-row INSERT statements of 1,000 rows each, one COMMIT per step. Random data generated before the timer starts, so only database time is measured.
A22: Timing | B22: Wall-clock time from sending the query to receiving the full result (Python time.perf_counter). The ~0.3 ms measured with a PK is mostly client round-trip overhead; the index lookup itself inside MySQL takes only microseconds.
A23: Random data | B23: name, email, age 18-65, one of 12 Indonesian cities, salary, created_at 2020-2025; seed 2026 + run number (reproducible).
A25: Table definitions
A26: With PK | B26: CREATE TABLE data_pk ( id INT NOT NULL, name VARCHAR(50) NOT NULL, email VARCHAR(100) NOT NULL, age INT NOT NULL, city VARCHAR(30) NOT NULL, salary DECIMAL(12,2) NOT NULL, created_at DATETIME NOT NULL, PRIMARY KEY (id) ) ENGINE=InnoDB
A27: Without PK | B27: CREATE TABLE data_nopk ( id INT NOT NULL, name VARCHAR(50) NOT NULL, email VARCHAR(100) NOT NULL, age INT NOT NULL, city VARCHAR(30) NOT NULL, salary DECIMAL(12,2) NOT NULL, created_at DATETIME NOT NULL ) ENGINE=InnoDB
A29: Why the results look like this
A30: PRIMARY KEY | B30: InnoDB stores the table as a B+tree ordered by the primary key (clustered index). Finding id = N walks ~3-4 tree levels no matter where the row is: O(log n), constant in practice.
A31: No PRIMARY KEY | B31: The id column has no index, so WHERE id = N is a full table scan: MySQL reads every row and compares id. Without LIMIT it cannot stop early (id is not known to be unique), so row 10 and row 1,000,000 cost the same: O(n).
A32: Hidden row id | B32: A table without a PK is still clustered - InnoDB adds a hidden 6-byte DB_ROW_ID and builds the clustered index on it. That index is useless for WHERE id = N.
A33: Inserts | B33: With increasing ids, a PK insert appends to the right end of the B+tree (cheap). A random PK (e.g. UUID) would cause page splits and slower inserts; a table with extra secondary indexes would also insert more slowly.
A34: Caveat | B34: Absolute times depend on the machine (CPU, SSD, RAM, buffer pool). Compare the ratio between the two tables, not the raw milliseconds, when you rerun it on another laptop.
